GridID;Distrito
1; Sarria-Sant Gervasi
2; Sarria-Sant Gervasi
3; Sarria-Sant Gervasi
4; Sarria-Sant Gervasi
5; Sarria-Sant Gervasi
6; Sarria-Sant Gervasi
7; Sarria-Sant Gervasi
8; Sarria-Sant Gervasi
9; Sarria-Sant Gervasi
10; Sarria-Sant Gervasi
11; Sarria-Sant Gervasi
12; Sarria-Sant Gervasi
13; Sarria-Sant Gervasi
14; Sarria-Sant Gervasi
15; Sarria-Sant Gervasi
16; Sarria-Sant Gervasi
17; Sarria-Sant Gervasi
18; Sarria-Sant Gervasi
19; Sarria-Sant Gervasi
20; Sarria-Sant Gervasi
21; Esplugues de Llobregat
22; Esplugues de Llobregat
23; Sarria-Sant Gervasi
24; Sarria-Sant Gervasi
25; Sarria-Sant Gervasi
26; el Prat de Llobregat
27; l'Hospitalet de Llobregat
28;Ciutat Vella
29; Esplugues de Llobregat
30; les Corts
31;Ciutat Vella
32; les Corts
33; Sarria-Sant Gervasi
34; Sarria-Sant Gervasi
35; Sarria-Sant Gervasi
36; Sarria-Sant Gervasi
37; Sarria-Sant Gervasi
38; Sarria-Sant Gervasi
39; Sarria-Sant Gervasi
40;Prat del Llobregat
41; l'Hospitalet de Llobregat
42;les Corts
43; les Corts
44;les Corts
45;les Corts
46;Ciutat Vella
47; Sarria-Sant Gervasi
48;Ciutat Vella
49; Sarria-Sant Gervasi
50; Sarria-Sant Gervasi
51; Sarria-Sant Gervasi
52; Sarria-Sant Gervasi
53; Sarria-Sant Gervasi
54; Sarria-Sant Gervasi
55; Sants-Montjuic
56; l'Hospitalet de Llobregat
57;Hospitalet del Llobregat
58;Hospitalet del Llobregat
59; les Corts
60; les Corts
61;les Corts
62; les Corts
63; les Corts
64;les Corts
65; les Corts
66; les Corts
67; Sarria-Sant Gervasi
68; Sarria-Sant Gervasi
69;Ciutat Vella
70; Sarria-Sant Gervasi
71; Sarria-Sant Gervasi
72; Sarria-Sant Gervasi
73; l'Hospitalet de Llobregat
74; Sants-Montjuic
75; Sant Marti
76;Ciutat Vella
77; l'Hospitalet de Llobregat
78;les Corts
79; les Corts
80; les Corts
81;Ciutat Vella
82; les Corts
83;les Corts
84;Ciutat Vella
85; Sant Marti
86; Sarria-Sant Gervasi
87; Sarria-Sant Gervasi
88; Sarria-Sant Gervasi
89; Sant Marti
90;Ciutat Vella
91; Sarria-Sant Gervasi
92; Sarria-Sant Gervasi
93; el Prat de Llobregat
94;Ciutat Vella
95; Sants-Montjuic
96; Sants-Montjuic
97; Sants-Montjuic
98; Sant Marti
99; l'Hospitalet de Llobregat
100;Hospitalet del Llobregat
101;les Corts
102; les Corts
103; les Corts
104; Sant Marti
105; Sant Marti
106; les Corts
107; les Corts
108; Sant Marti
109;Ciutat Vella
110; Sarria-Sant Gervasi
111;Ciutat Vella
112; Sarria-Sant Gervasi
113; Sarria-Sant Gervasi
114; Sarria-Sant Gervasi
115; Sarria-Sant Gervasi
116; Sarria-Sant Gervasi
117;Ciutat Vella
118; Sants-Montjuic
119; Sants-Montjuic
120; Sants-Montjuic
121; Sants-Montjuic
122; Sants-Montjuic
123; Sants-Montjuic
124; l'Hospitalet de Llobregat
125; les Corts
126; les Corts
127; les Corts
128; les Corts
129; les Corts
130; les Corts
131; les Corts
132;les Corts
133;Ciutat Vella
134; Sarria-Sant Gervasi
135; Sarria-Sant Gervasi
136; Sarria-Sant Gervasi
137; Sarria-Sant Gervasi
138; Sarria-Sant Gervasi
139; Sarria-Sant Gervasi
140; Sarria-Sant Gervasi
141; Sants-Montjuic
142; Sants-Montjuic
143; Sants-Montjuic
144; Sants-Montjuic
145; Sants-Montjuic
146;Ciutat Vella
147; Sants-Montjuic
148;Ciutat Vella
149; l'Hospitalet de Llobregat
150; les Corts
151; les Corts
152;les Corts
153; les Corts
154; Sant Marti
155; les Corts
156; Sarria-Sant Gervasi
157; les Corts
158; Sarria-Sant Gervasi
159; Sarria-Sant Gervasi
160; Sarria-Sant Gervasi
161; Sarria-Sant Gervasi
162;Ciutat Vella
163; Sarria-Sant Gervasi
164; Sarria-Sant Gervasi
165; Sarria-Sant Gervasi
166; Sarria-Sant Gervasi
167;Prat del Llobregat
168;Ciutat Vella
169; Sant Marti
170; Sants-Montjuic
171; Sants-Montjuic
172; Sants-Montjuic
173; Sants-Montjuic
174;Ciutat Vella
175; l'Hospitalet de Llobregat
176; les Corts
177;les Corts
178; Sant Marti
179; les Corts
180; les Corts
181; les Corts
182; Sarria-Sant Gervasi
183; Sarria-Sant Gervasi
184; Sarria-Sant Gervasi
185; Sant Marti
186; Sarria-Sant Gervasi
187; Sarria-Sant Gervasi
188;Ciutat Vella
189; Sarria-Sant Gervasi
190; Sarria-Sant Gervasi
191; Sarria-Sant Gervasi
192;Ciutat Vella
193; Sants-Montjuic
194; Sants-Montjuic
195; Sants-Montjuic
196; Sants-Montjuic
197; Sant Marti
198; Sants-Montjuic
199; l'Hospitalet de Llobregat
200; Sants-Montjuic
201;Ciutat Vella
202;les Corts
203; Sant Marti
204;Ciutat Vella
205; Sarria-Sant Gervasi
206; les Corts
207; Sarria-Sant Gervasi
208; Sarria-Sant Gervasi
209; Sant Marti
210; Sant Marti
211; Sant Marti
212;Ciutat Vella
213; Sarria-Sant Gervasi
214;Ciutat Vella
215;Ciutat Vella
216; Horta-Guinardo
217;Ciutat Vella
218;Ciutat Vella
219; Sants-Montjuic
220; Sants-Montjuic
221;Ciutat Vella
222; Sants-Montjuic
223; Sants-Montjuic
224; Sants-Montjuic
225;Sant Adria del Besos
226; Sants-Montjuic
227; Sants-Montjuic
228;Ciutat Vella
229;les Corts
230; Sant Marti
231; les Corts
232;les Corts
233;les Corts
234;Ciutat Vella
235; Sarria-Sant Gervasi
236; Sarria-Sant Gervasi
237; Sarria-Sant Gervasi
238; Sarria-Sant Gervasi
239; Sarria-Sant Gervasi
240; Sarria-Sant Gervasi
241; Sant Marti
242; Sarria-Sant Gervasi
243; Sarria-Sant Gervasi
244; Sarria-Sant Gervasi
245; Sant Marti
246;Ciutat Vella
247;Ciutat Vella
248; Sants-Montjuic
249;Ciutat Vella
250;Ciutat Vella
251; Sants-Montjuic
252; Sants-Montjuic
253; Sants-Montjuic
254; Sant Marti
255; l'Hospitalet de Llobregat
256; Sants-Montjuic
257; Sants-Montjuic
258; Sants-Montjuic
259; les Corts
260;les Corts
261; les Corts
262;les Corts
263;les Corts
264;les Corts
265; Sarria-Sant Gervasi
266; Sarria-Sant Gervasi
267; Sarria-Sant Gervasi
268; Sarria-Sant Gervasi
269; Sarria-Sant Gervasi
270; Sarria-Sant Gervasi
271; Sarria-Sant Gervasi
272; Sarria-Sant Gervasi
273; Sarria-Sant Gervasi
274; Sarria-Sant Gervasi
275; Horta-Guinardo
276; Horta-Guinardo
277;Ciutat Vella
278;Horta-Guinardo
279;Ciutat Vella
280; Sants-Montjuic
281; Sants-Montjuic
282; Sants-Montjuic
283; Sants-Montjuic
284;Ciutat Vella
285;Ciutat Vella
286; Sants-Montjuic
287; l'Hospitalet de Llobregat
288; l'Hospitalet de Llobregat
289; l'Hospitalet de Llobregat
290;Sant Adria del Besos
291;Ciutat Vella
292; Sants-Montjuic
293; Sants-Montjuic
294;Ciutat Vella
295; les Corts
296;les Corts
297; les Corts
298;les Corts
299; Sarria-Sant Gervasi
300; Sarria-Sant Gervasi
301; Sarria-Sant Gervasi
302; Sarria-Sant Gervasi
303; Sarria-Sant Gervasi
304; Sarria-Sant Gervasi
305; Sarria-Sant Gervasi
306; Sarria-Sant Gervasi
307; Sarria-Sant Gervasi
308;Ciutat Vella
309; Sarria-Sant Gervasi
310; Sarria-Sant Gervasi
311; Horta-Guinardo
312;Ciutat Vella
313; Horta-Guinardo
314;Ciutat Vella
315;Ciutat Vella
316;Ciutat Vella
317; Sants-Montjuic
318; Sants-Montjuic
319; Sants-Montjuic
320; Sants-Montjuic
321;Ciutat Vella
322; Sants-Montjuic
323; Sants-Montjuic
324; l'Hospitalet de Llobregat
325;Hospitalet del Llobregat
326; Sants-Montjuic
327; Sants-Montjuic
328;Sant Adria del Besos
329; l'Hospitalet de Llobregat
330; l'Hospitalet de Llobregat
331; Sants-Montjuic
332;Ciutat Vella
333; Sants-Montjuic
334; Sants-Montjuic
335;Ciutat Vella
336; Sants-Montjuic
337;les Corts
338;Ciutat Vella
339; Sants-Montjuic
340; Sarria-Sant Gervasi
341; Sarria-Sant Gervasi
342; Sarria-Sant Gervasi
343; Sarria-Sant Gervasi
344; Sarria-Sant Gervasi
345; Sarria-Sant Gervasi
346; Sarria-Sant Gervasi
347; Sarria-Sant Gervasi
348; Sarria-Sant Gervasi
349; Sarria-Sant Gervasi
350; Sarria-Sant Gervasi
351;Gracia
352; Sarria-Sant Gervasi
353; Sarria-Sant Gervasi
354; Sarria-Sant Gervasi
355; Sarria-Sant Gervasi
356; Horta-Guinardo
357; Horta-Guinardo
358; Horta-Guinardo
359; Sants-Montjuic
360; Sants-Montjuic
361; Sants-Montjuic
362; Sants-Montjuic
363; Sants-Montjuic
364; Sants-Montjuic
365; Sants-Montjuic
366; l'Hospitalet de Llobregat
367; l'Hospitalet de Llobregat
368;Hospitalet del Llobregat
369; l'Hospitalet de Llobregat
370; Sants-Montjuic
371; Sants-Montjuic
372; Sants-Montjuic
373;Hospitalet del Llobregat
374;Ciutat Vella
375;Ciutat Vella
376; Sants-Montjuic
377; Sants-Montjuic
378; Sants-Montjuic
379; Sants-Montjuic
380; Sants-Montjuic
381;Ciutat Vella
382; les Corts
383; Sants-Montjuic
384;les Corts
385; Sarria-Sant Gervasi
386; Sarria-Sant Gervasi
387; Sarria-Sant Gervasi
388;Ciutat Vella
389; Sarria-Sant Gervasi
390; Sarria-Sant Gervasi
391; Sarria-Sant Gervasi
392; Sarria-Sant Gervasi
393; Sarria-Sant Gervasi
394;Ciutat Vella
395; Gracia
396; Gracia
397;Ciutat Vella
398;Horta-Guinardo
399;Horta-Guinardo
400; Sarria-Sant Gervasi
401; Horta-Guinardo
402; Sants-Montjuic
403; Sants-Montjuic
404; Sants-Montjuic
405; Sants-Montjuic
406; Sants-Montjuic
407;Ciutat Vella
408;Horta-Guinardo
409;Ciutat Vella
410;Horta-Guinardo
411; Sants-Montjuic
412; Sants-Montjuic
413; Sants-Montjuic
414; Sants-Montjuic
415; Sants-Montjuic
416; Sants-Montjuic
417; Sants-Montjuic
418;Horta-Guinardo
419; Sants-Montjuic
420; les Corts
421; Sants-Montjuic
422; les Corts
423;Ciutat Vella
424; Sarria-Sant Gervasi
425; Sarria-Sant Gervasi
426; Sarria-Sant Gervasi
427; Sarria-Sant Gervasi
428; Sarria-Sant Gervasi
429; Sarria-Sant Gervasi
430; Sarria-Sant Gervasi
431; Sarria-Sant Gervasi
432; Sarria-Sant Gervasi
433; Gracia
434; Gracia
435; Gracia
436; Gracia
437;Horta-Guinardo
438;Horta-Guinardo
439;Ciutat Vella
440; Sants-Montjuic
441;Ciutat Vella
442;Ciutat Vella
443; Sants-Montjuic
444; Sants-Montjuic
445; Sants-Montjuic
446;Ciutat Vella
447; Sants-Montjuic
448; Sants-Montjuic
449; Sants-Montjuic
450; Sants-Montjuic
451; Sarria-Sant Gervasi
452;Ciutat Vella
453; Sants-Montjuic
454; Sants-Montjuic
455; Sants-Montjuic
456; Sants-Montjuic
457; Sants-Montjuic
458; Sants-Montjuic
459; Sants-Montjuic
460;Ciutat Vella
461;Ciutat Vella
462;les Corts
463;Ciutat Vella
464; Sarria-Sant Gervasi
465; Sarria-Sant Gervasi
466; Sarria-Sant Gervasi
467; Sarria-Sant Gervasi
468; Sarria-Sant Gervasi
469; Sarria-Sant Gervasi
470; Sarria-Sant Gervasi
471; Sarria-Sant Gervasi
472; Gracia
473; Gracia
474; Gracia
475; Horta-Guinardo
476;Horta-Guinardo
477; Horta-Guinardo
478; Horta-Guinardo
479;Horta-Guinardo
480; Sants-Montjuic
481; Sants-Montjuic
482;Ciutat Vella
483; Sants-Montjuic
484;Ciutat Vella
485; Sants-Montjuic
486; Sants-Montjuic
487; Sants-Montjuic
488; Sants-Montjuic
489;Ciutat Vella
490;Ciutat Vella
491;Ciutat Vella
492; Sants-Montjuic
493; Sants-Montjuic
494; Sants-Montjuic
495; Sants-Montjuic
496; Sants-Montjuic
497; Sants-Montjuic
498; Eixample
499;les Corts
500;Eixample
501;Ciutat Vella
502; Sarria-Sant Gervasi
503; Sarria-Sant Gervasi
504; Sarria-Sant Gervasi
505; Sarria-Sant Gervasi
506; Sarria-Sant Gervasi
507; Sarria-Sant Gervasi
508; Sarria-Sant Gervasi
509; Sarria-Sant Gervasi
510; Sarria-Sant Gervasi
511; Gracia
512; Gracia
513; Gracia
514;Horta-Guinardo
515; Horta-Guinardo
516;Horta-Guinardo
517;Horta-Guinardo
518;Ciutat Vella
519;Horta-Guinardo
520; Sants-Montjuic
521; Sant Marti
522;Ciutat Vella
523; Sants-Montjuic
524; Sants-Montjuic
525; Sants-Montjuic
526; Sant Marti
527; Sants-Montjuic
528; Sants-Montjuic
529; Sants-Montjuic
530; Sants-Montjuic
531; Sants-Montjuic
532;Ciutat Vella
533; Sants-Montjuic
534; Sants-Montjuic
535; Sants-Montjuic
536; Eixample
537; Eixample
538;Eixample
539; Sant Marti
540;Eixample
541;Eixample
542; Sarria-Sant Gervasi
543; Sarria-Sant Gervasi
544; Sarria-Sant Gervasi
545; Sarria-Sant Gervasi
546; Sarria-Sant Gervasi
547; Sarria-Sant Gervasi
548; Sarria-Sant Gervasi
549;Gracia
550; Gracia
551; Gracia
552; Gracia
553; Sant Marti
554; Horta-Guinardo
555; Sant Marti
556;Ciutat Vella
557; Sant Marti
558; Sant Marti
559; Horta-Guinardo
560;Ciutat Vella
561;Ciutat Vella
562;Ciutat Vella
563; Sants-Montjuic
564; Sants-Montjuic
565; Sant Marti
566;Ciutat Vella
567; Sant Marti
568; Sants-Montjuic
569;Ciutat Vella
570; Sants-Montjuic
571;Ciutat Vella
572; Sant Marti
573; Sants-Montjuic
574;Eixample
575; Eixample
576; Sant Marti
577;Eixample
578; Eixample
579; Eixample
580; Sarria-Sant Gervasi
581; Sarria-Sant Gervasi
582; Sarria-Sant Gervasi
583; Sarria-Sant Gervasi
584; Sarria-Sant Gervasi
585; Sarria-Sant Gervasi
586; Gracia
587; Gracia
588; Gracia
589; Gracia
590; Sant Marti
591;Horta-Guinardo
592; Horta-Guinardo
593;Horta-Guinardo
594; Sant Marti
595; Horta-Guinardo
596; Horta-Guinardo
597;Ciutat Vella
598; Horta-Guinardo
599; Horta-Guinardo
600; Horta-Guinardo
601;Ciutat Vella
602; Sants-Montjuic
603; Sants-Montjuic
604; Sants-Montjuic
605;Ciutat Vella
606;Ciutat Vella
607; Sant Marti
608; Sant Marti
609; Sant Marti
610; Sants-Montjuic
611; Sant Marti
612; Sant Marti
613; Eixample
614;Eixample
615;Eixample
616; Eixample
617; Eixample
618; Eixample
619; Eixample
620; Sarria-Sant Gervasi
621; Sarria-Sant Gervasi
622; Sarria-Sant Gervasi
623; Sarria-Sant Gervasi
624; Sarria-Sant Gervasi
625;Ciutat Vella
626; Gracia
627; Sant Marti
628;Ciutat Vella
629;Ciutat Vella
630;Ciutat Vella
631;Ciutat Vella
632;Horta-Guinardo
633;Horta-Guinardo
634; Sant Marti
635; Horta-Guinardo
636; Sants-Montjuic
637;Horta-Guinardo
638; Horta-Guinardo
639; Horta-Guinardo
640;Ciutat Vella
641; Sants-Montjuic
642; Sants-Montjuic
643;Ciutat Vella
644; Sants-Montjuic
645; Sants-Montjuic
646; Sants-Montjuic
647; Sants-Montjuic
648; Sants-Montjuic
649; Eixample
650;Eixample
651; Eixample
652;Eixample
653; Eixample
654; Eixample
655; Eixample
656; Sarria-Sant Gervasi
657; Sarria-Sant Gervasi
658;Gracia
659; Gracia
660;Gracia
661; Gracia
662;Gracia
663;Ciutat Vella
664;Horta-Guinardo
665;Horta-Guinardo
666;Horta-Guinardo
667;Horta-Guinardo
668; Horta-Guinardo
669;Horta-Guinardo
670; Horta-Guinardo
671; Horta-Guinardo
672;Ciutat Vella
673;Ciutat Vella
674;Ciutat Vella
675; Horta-Guinardo
676;Ciutat Vella
677;Ciutat Vella
678; Sants-Montjuic
679;Ciutat Vella
680; Sants-Montjuic
681; Sants-Montjuic
682; Sants-Montjuic
683; Sants-Montjuic
684; Eixample
685; Eixample
686; Eixample
687; Eixample
688;Eixample
689; Eixample
690; Sarria-Sant Gervasi
691;Eixample
692;Ciutat Vella
693; Gracia
694; Gracia
695;Gracia
696;Gracia
697; Gracia
698;Gracia
699; Gracia
700;Horta-Guinardo
701; Horta-Guinardo
702;Ciutat Vella
703; Horta-Guinardo
704; Horta-Guinardo
705; Horta-Guinardo
706; Horta-Guinardo
707;Ciutat Vella
708;Ciutat Vella
709;Ciutat Vella
710;Horta-Guinardo
711;Horta-Guinardo
712;Ciutat Vella
713; Horta-Guinardo
714; Sants-Montjuic
715; Sants-Montjuic
716; Sants-Montjuic
717; Sants-Montjuic
718; Sants-Montjuic
719; Sants-Montjuic
720; Sants-Montjuic
721; Sants-Montjuic
722;Eixample
723; Eixample
724; Eixample
725; Eixample
726; Eixample
727;Eixample
728; Eixample
729;Eixample
730; Gracia
731; Gracia
732; Gracia
733; Gracia
734;Gracia
735;Ciutat Vella
736;Gracia
737; Gracia
738; Horta-Guinardo
739;Ciutat Vella
740;Horta-Guinardo
741; Horta-Guinardo
742; Horta-Guinardo
743;Ciutat Vella
744; Horta-Guinardo
745; Horta-Guinardo
746; Horta-Guinardo
747;Horta-Guinardo
748;Ciutat Vella
749; Horta-Guinardo
750;Ciutat Vella
751; Sants-Montjuic
752; Sants-Montjuic
753; Sants-Montjuic
754; Sants-Montjuic
755; Sants-Montjuic
756; Sants-Montjuic
757; Sants-Montjuic
758;Eixample
759;Eixample
760; Eixample
761;Eixample
762;Eixample
763; Eixample
764; Eixample
765;Eixample
766;Eixample
767;Gracia
768;Horta-Guinardo
769;Gracia
770;Horta-Guinardo
771;Gracia
772;Ciutat Vella
773; Horta-Guinardo
774;Horta-Guinardo
775; Horta-Guinardo
776;Horta-Guinardo
777; Horta-Guinardo
778; Horta-Guinardo
779; Horta-Guinardo
780;Ciutat Vella
781;Horta-Guinardo
782;Ciutat Vella
783;Ciutat Vella
784; Nou Barris
785; Sants-Montjuic
786; Sants-Montjuic
787; Sants-Montjuic
788; Sants-Montjuic
789; Sants-Montjuic
790; Sants-Montjuic
791; Sants-Montjuic
792;Eixample
793;Eixample
794;Eixample
795;Eixample
796;Eixample
797;Eixample
798;Eixample
799;Eixample
800; Eixample
801; Gracia
802; Gracia
803;Gracia
804; Gracia
805; Gracia
806;Ciutat Vella
807;Ciutat Vella
808; Horta-Guinardo
809;Ciutat Vella
810; Horta-Guinardo
811; Horta-Guinardo
812; Horta-Guinardo
813;Horta-Guinardo
814;Ciutat Vella
815;Ciutat Vella
816; Nou Barris
817;Horta-Guinardo
818; Sarria-Sant Gervasi
819;Ciutat Vella
820; Sants-Montjuic
821;Ciutat Vella
822; Sants-Montjuic
823; Sants-Montjuic
824;Ciutat Vella
825; Sants-Montjuic
826;Ciutat Vella
827; Sants-Montjuic
828; Ciutat Vella
829;Eixample
830; Ciutat Vella
831;Eixample
832;Eixample
833;Eixample
834; Eixample
835;Eixample
836; Eixample
837;Ciutat Vella
838; Gracia
839; Gracia
840;Gracia
841; Horta-Guinardo
842;Horta-Guinardo
843;Horta-Guinardo
844; Horta-Guinardo
845;Horta-Guinardo
846;Ciutat Vella
847;Ciutat Vella
848;Horta-Guinardo
849; Horta-Guinardo
850; Nou Barris
851; Nou Barris
852;Nou Barris
853;Nou Barris
854;Ciutat Vella
855; Nou Barris
856;Ciutat Vella
857; Sants-Montjuic
858;Ciutat Vella
859;Ciutat Vella
860; Sant Marti
861;Ciutat Vella
862;Ciutat Vella
863;Eixample
864; Ciutat Vella
865;Ciutat Vella
866; Ciutat Vella
867; Ciutat Vella
868;Eixample
869; Eixample
870; Eixample
871; Sant Marti
872;Ciutat Vella
873; Eixample
874; Gracia
875; Gracia
876; Gracia
877;Eixample
878;Horta-Guinardo
879; Sant Marti
880;Horta-Guinardo
881; Horta-Guinardo
882;Ciutat Vella
883;Ciutat Vella
884; Sant Marti
885; Sant Marti
886;Nou Barris
887; Nou Barris
888;Horta-Guinardo
889;Nou Barris
890;Nou Barris
891;Nou Barris
892;Ciutat Vella
893;Nou Barris
894;Nou Barris
895; Sants-Montjuic
896;Ciutat Vella
897; Sants-Montjuic
898; Sants-Montjuic
899;Ciutat Vella
900; Eixample
901;Ciutat Vella
902;Ciutat Vella
903; Sant Marti
904;Eixample
905; Eixample
906;Eixample
907; Sant Marti
908; Eixample
909; Eixample
910; Eixample
911;Eixample
912; Gracia
913;Eixample
914;Eixample
915; Horta-Guinardo
916; Sant Marti
917;Horta-Guinardo
918;Horta-Guinardo
919;Horta-Guinardo
920;Horta-Guinardo
921; Sant Marti
922;Nou Barris
923; Nou Barris
924; Sant Marti
925;Ciutat Vella
926; Nou Barris
927;Ciutat Vella
928; Nou Barris
929; Sant Marti
930; Nou Barris
931;Ciutat Vella
932; Nou Barris
933;Nou Barris
934; Sants-Montjuic
935; Sants-Montjuic
936; Sants-Montjuic
937; Sants-Montjuic
938;Ciutat Vella
939;Ciutat Vella
940; Sant Marti
941; Sant Marti
942;Ciutat Vella
943;Eixample
944;Eixample
945;Eixample
946; Gracia
947; Sant Marti
948; Sant Marti
949;Eixample
950;Eixample
951; Gracia
952; Horta-Guinardo
953;Ciutat Vella
954; Sant Marti
955; Horta-Guinardo
956; Horta-Guinardo
957; Horta-Guinardo
958;Nou Barris
959; Nou Barris
960;Ciutat Vella
961; Sant Marti
962;Nou Barris
963; Nou Barris
964;Nou Barris
965;Nou Barris
966;Nou Barris
967; Nou Barris
968;Ciutat Vella
969; Nou Barris
970; Sants-Montjuic
971; Ciutat Vella
972;Ciutat Vella
973;Ciutat Vella
974; Sant Marti
975; Ciutat Vella
976;Ciutat Vella
977;Ciutat Vella
978; Sant Marti
979; Eixample
980; Sant Marti
981;Eixample
982;Eixample
983;Eixample
984;Eixample
985;Eixample
986;Sant Marti
987; Horta-Guinardo
988; Sant Marti
989;Horta-Guinardo
990;Ciutat Vella
991; Horta-Guinardo
992; Horta-Guinardo
993; Nou Barris
994; Nou Barris
995;Nou Barris
996;Nou Barris
997; Nou Barris
998;Horta-Guinardo
999; Nou Barris
1000;Nou Barris
1001;Nou Barris
1002;Nou Barris
1003; Nou Barris
1004;Ciutat Vella
1005;Ciutat Vella
1006;Ciutat Vella
1007;Nou Barris
1008; Sants-Montjuic
1009;Ciutat Vella
1010;Ciutat Vella
1011;Ciutat Vella
1012; Ciutat Vella
1013; Ciutat Vella
1014; Ciutat Vella
1015; Ciutat Vella
1016; Eixample
1017;Eixample
1018;Eixample
1019; Eixample
1020;Eixample
1021;Eixample
1022;Eixample
1023; Eixample
1024;Sant Marti
1025;Horta-Guinardo
1026; Horta-Guinardo
1027; Horta-Guinardo
1028;Horta-Guinardo
1029; Sant Andreu
1030; Sant Andreu
1031;Nou Barris
1032;Nou Barris
1033;Ciutat Vella
1034;Nou Barris
1035; Nou Barris
1036; Nou Barris
1037; Nou Barris
1038;Nou Barris
1039;Nou Barris
1040;Ciutat Vella
1041;Ciutat Vella
1042;Nou Barris
1043;Nou Barris
1044;Nou Barris
1045; Montcada i Reixac
1046; Ciutat Vella
1047;Ciutat Vella
1048; Ciutat Vella
1049; Ciutat Vella
1050; Ciutat Vella
1051; Ciutat Vella
1052;Eixample
1053; Sant Marti
1054;Eixample
1055;Eixample
1056; Eixample
1057;Eixample
1058;Eixample
1059;Eixample
1060; Gracia
1061;Sant Marti
1062;Sant Marti
1063;Ciutat Vella
1064;Sant Andreu
1065;Horta-Guinardo
1066;Sant Andreu
1067; Nou Barris
1068; Nou Barris
1069; Nou Barris
1070;Ciutat Vella
1071;Nou Barris
1072;Nou Barris
1073; Nou Barris
1074; Nou Barris
1075; Nou Barris
1076; Nou Barris
1077; Nou Barris
1078;Nou Barris
1079; Nou Barris
1080;Ciutat Vella
1081; Nou Barris
1082;Ciutat Vella
1083;Ciutat Vella
1084;Ciutat Vella
1085; Ciutat Vella
1086; Ciutat Vella
1087; Ciutat Vella
1088; Ciutat Vella
1089; Eixample
1090; Eixample
1091;Eixample
1092; Eixample
1093;Eixample
1094;Eixample
1095; Sant Marti
1096; Sant Marti
1097;Eixample
1098;Sant Andreu
1099;Sant Andreu
1100; Sant Andreu
1101; Sant Andreu
1102; Sant Andreu
1103; Nou Barris
1104;Nou Barris
1105; Nou Barris
1106;Nou Barris
1107; Nou Barris
1108; Nou Barris
1109; Nou Barris
1110;Nou Barris
1111;Nou Barris
1112; Nou Barris
1113;Nou Barris
1114;Nou Barris
1115;Ciutat Vella
1116; Nou Barris
1117;Nou Barris
1118; Ciutat Vella
1119;Ciutat Vella
1120; Ciutat Vella
1121; Ciutat Vella
1122; Ciutat Vella
1123; Gracia
1124;Eixample
1125;Sant Marti
1126; Eixample
1127;Eixample
1128;Eixample
1129;Sant Marti
1130;Sant Marti
1131; Sant Marti
1132; Sant Marti
1133;Sant Andreu
1134;Sant Andreu
1135;Sant Andreu
1136;Ciutat Vella
1137;Sant Andreu
1138;Sant Andreu
1139;Sant Andreu
1140;Horta-Guinardo
1141; Sant Andreu
1142;Sant Andreu
1143; Sant Andreu
1144;Horta-Guinardo
1145;Horta-Guinardo
1146; Nou Barris
1147;Nou Barris
1148; Nou Barris
1149; Nou Barris
1150;Ciutat Vella
1151; Nou Barris
1152; Nou Barris
1153; Ciutat Vella
1154;Ciutat Vella
1155; Ciutat Vella
1156;Ciutat Vella
1157; Ciutat Vella
1158; Ciutat Vella
1159; Sant Marti
1160; Ciutat Vella
1161; Sant Marti
1162; Sant Marti
1163;Sant Marti
1164;Sant Marti
1165;Sant Marti
1166; Sant Marti
1167; Sant Marti
1168;Sant Marti
1169; Sant Marti
1170; Sant Marti
1171; Sant Andreu
1172; Sant Andreu
1173; Sant Andreu
1174;Sant Andreu
1175;Sant Andreu
1176;Sant Andreu
1177;Sant Andreu
1178; Sant Andreu
1179;Sant Andreu
1180;Sant Andreu
1181;Sant Andreu
1182; Sant Andreu
1183;Sant Andreu
1184; Sant Andreu
1185; Nou Barris
1186; Sants-Montjuic
1187;Ciutat Vella
1188;Ciutat Vella
1189;Ciutat Vella
1190;Nou Barris
1191;Ciutat Vella
1192; Ciutat Vella
1193;Ciutat Vella
1194;Ciutat Vella
1195; Ciutat Vella
1196;Ciutat Vella
1197; Sant Marti
1198; Sant Marti
1199;Sant Marti
1200;Sant Marti
1201;Sant Marti
1202; Sant Marti
1203; Sant Marti
1204; Sant Marti
1205;Sant Marti
1206; Sant Marti
1207;Sant Marti
1208;Sant Marti
1209;Sant Andreu
1210;Sant Andreu
1211;Sant Andreu
1212;Sant Andreu
1213;Sant Andreu
1214; Sant Andreu
1215;Sant Andreu
1216;Sant Andreu
1217;Ciutat Vella
1218; Sant Andreu
1219;Ciutat Vella
1220;Nou Barris
1221;Nou Barris
1222;Nou Barris
1223;Ciutat Vella
1224;Ciutat Vella
1225;Ciutat Vella
1226;Ciutat Vella
1227;Ciutat Vella
1228; Ciutat Vella
1229;Ciutat Vella
1230; Sant Marti
1231; Sant Marti
1232;Ciutat Vella
1233;Sant Marti
1234;Ciutat Vella
1235; Sant Marti
1236; Sant Marti
1237;Sant Marti
1238; Sant Marti
1239;Ciutat Vella
1240;Ciutat Vella
1241; Sant Andreu
1242;Ciutat Vella
1243;Ciutat Vella
1244;Ciutat Vella
1245;Ciutat Vella
1246;Sant Andreu
1247;Sant Andreu
1248;Sant Andreu
1249; Sant Andreu
1250;Ciutat Vella
1251; Sant Andreu
1252;Nou Barris
1253;Nou Barris
1254;Nou Barris
1255;Ciutat Vella
1256;Ciutat Vella
1257; Ciutat Vella
1258;Ciutat Vella
1259; Sant Marti
1260; Sant Marti
1261; Sant Marti
1262;Sant Marti
1263; Sant Marti
1264;Ciutat Vella
1265; Sant Marti
1266; Sant Marti
1267;Ciutat Vella
1268;Sant Marti
1269; Sant Marti
1270; Sant Marti
1271; Sant Marti
1272;Ciutat Vella
1273; Ciutat Vella
1274;Ciutat Vella
1275;Ciutat Vella
1276;Sant Andreu
1277;Sant Andreu
1278;Ciutat Vella
1279;Ciutat Vella
1280; Sant Andreu
1281;Ciutat Vella
1282;Ciutat Vella
1283;Ciutat Vella
1284;Ciutat Vella
1285;Ciutat Vella
1286; Sant Marti
1287; Sant Marti
1288; Sant Marti
1289; Sant Marti
1290;Ciutat Vella
1291; Sant Marti
1292;Ciutat Vella
1293;Sant Marti
1294;Ciutat Vella
1295; Sant Marti
1296; Gracia
1297;Sant Marti
1298; Sant Marti
1299; Sant Marti
1300;Sant Marti
1301; Sant Marti
1302; Sant Marti
1303;Ciutat Vella
1304;Sant Andreu
1305;Ciutat Vella
1306; Sant Andreu
1307; Gracia
1308;Ciutat Vella
1309;Ciutat Vella
1310;Ciutat Vella
1311; Sant Marti
1312;Sant Marti
1313;Sant Marti
1314; Sant Marti
1315;Sant Marti
1316; Sant Marti
1317;Sant Marti
1318;Sant Marti
1319;Ciutat Vella
1320;Sant Marti
1321;Sant Marti
1322; Sant Marti
1323; Sant Marti
1324;Sant Marti
1325; Sant Marti
1326; Sant Marti
1327;Sant Marti
1328;Sant Andreu
1329;Sant Andreu
1330;Sant Andreu
1331; Sant Andreu
1332; Sant Andreu
1333; Sant Andreu
1334;Sant Andreu
1335;Sant Andreu
1336;Sant Andreu
1337; Sant Marti
1338; Sant Marti
1339;Sant Marti
1340;Sant Marti
1341; Sant Marti
1342;Sant Marti
1343;Sant Marti
1344;Sant Marti
1345;Sant Marti
1346; Sant Marti
1347;Ciutat Vella
1348; Sant Marti
1349; Sant Marti
1350; Sant Marti
1351; Sant Marti
1352; Sant Marti
1353;Ciutat Vella
1354; Sant Andreu
1355;Sant Andreu
1356;Sant Andreu
1357; Sant Andreu
1358; Sant Andreu
1359; Sant Andreu
1360;Ciutat Vella
1361; Sant Marti
1362;Ciutat Vella
1363;Sant Marti
1364;Sant Marti
1365;Sant Marti
1366;Ciutat Vella
1367; Sant Marti
1368;Ciutat Vella
1369;Sant Marti
1370;Ciutat Vella
1371;Sant Marti
1372;Sant Marti
1373; Sant Marti
1374; Sant Marti
1375;Sant Marti
1376;Sant Andreu
1377; Sant Andreu
1378;Sant Andreu
1379;Ciutat Vella
1380; Sant Andreu
1381; Sant Andreu
1382;Sant Andreu
1383; Sant Marti
1384;Sant Marti
1385; Sant Marti
1386;Sant Marti
1387;Sant Marti
1388;Sant Marti
1389; Sant Marti
1390;Ciutat Vella
1391; Sant Marti
1392; Sant Marti
1393;Sant Marti
1394; Sant Marti
1395; Sant Marti
1396;Sant Adria del Besos
1397;Sant Andreu
1398;Ciutat Vella
1399; Sant Andreu
1400;Ciutat Vella
1401;Santa Coloma del Gramanet
1402; Sant Marti
1403; Sant Marti
1404; Sant Marti
1405; Sant Marti
1406; Sant Marti
1407; Sant Marti
1408;Sant Marti
1409; Sant Marti
1410; Sant Marti
1411; Sant Andreu
1412; Sant Marti
1413;Sant Adria del Besos
1414;Ciutat Vella
1415;Ciutat Vella
1416; Sant Marti
1417; Sant Marti
1418; Sant Marti
1419; Sant Marti
1420; Sant Marti
1421; Sant Marti
1422; Sant Marti
1423; Sant Andreu
1424; Sant Marti
1425;Sant Marti
1426; Sant Marti
1427; Sant Marti
1428; Sant Marti
1429; Sant Marti
1430;Sant Marti
1431; Sant Marti
1432;Sant Adria del Besos
1433; Sant Marti
1434; Sant Marti
1435; Sant Marti
1436; Sant Marti
1437; Sant Marti
1438;Ciutat Vella
1439;Sant Adria del Besos
1440; Sant Marti
1441; Sant Marti
1442; Sant Andreu
1443; Sant Marti
1444;Sant Marti
1445;Sant Marti
